scenario,policy,seed,harmful_impressions,harmful_reach,ordinary_engagement,counterspeech_exposure,counterspeech_post_impressions,counterspeech_replies_shown,control_reach,control_impressions,impressions,churned,harmful_endorsements,llm_errors
coordinated,total_endorsements,1,651,49,608,689,61,628,6,6,2726,8,120,0
coordinated,community_capped,1,523,48,665,314,66,248,6,6,2721,6,130,0
coordinated,total_endorsements,2,613,50,559,444,37,407,15,15,2630,7,129,0
coordinated,community_capped,2,385,46,648,121,8,113,44,44,2630,5,123,0
coordinated,total_endorsements,3,644,50,523,541,18,523,43,43,2551,11,147,0
coordinated,community_capped,3,571,50,589,330,51,279,37,37,2596,7,157,0
coordinated,total_endorsements,4,529,50,630,370,11,359,16,16,2744,8,88,0
coordinated,community_capped,4,360,49,718,180,37,143,44,44,2729,6,90,0
coordinated,total_endorsements,5,495,48,577,478,14,464,46,46,2600,6,93,0
coordinated,community_capped,5,344,47,661,122,13,109,21,21,2600,3,88,0
concentrated,total_endorsements,1,307,48,754,263,58,205,6,6,2826,2,33,0
concentrated,community_capped,1,280,44,748,227,80,147,13,13,2796,3,35,0
concentrated,total_endorsements,2,174,44,743,85,39,46,44,44,2700,1,12,0
concentrated,community_capped,2,211,43,713,70,18,52,47,47,2700,1,18,0
concentrated,total_endorsements,3,300,46,678,157,18,139,43,43,2701,5,27,0
concentrated,community_capped,3,365,47,671,324,52,272,25,25,2741,4,33,0
concentrated,total_endorsements,4,133,42,763,94,52,42,7,7,2814,3,8,0
concentrated,community_capped,4,112,38,786,43,20,23,44,44,2799,2,2,0
concentrated,total_endorsements,5,136,40,697,44,15,29,44,44,2685,0,12,0
concentrated,community_capped,5,145,39,714,36,17,19,25,25,2655,1,14,0
cross_community,total_endorsements,1,473,50,667,378,5,373,47,47,2749,5,82,0
cross_community,community_capped,1,411,50,654,317,25,292,25,25,2639,9,58,0
cross_community,total_endorsements,2,319,47,732,329,12,317,47,47,2793,2,42,0
cross_community,community_capped,2,546,50,621,638,20,618,16,16,2733,5,81,0
cross_community,total_endorsements,3,663,50,597,590,14,576,6,6,2756,6,121,0
cross_community,community_capped,3,729,50,523,607,13,594,27,27,2546,15,139,0
cross_community,total_endorsements,4,545,50,634,447,20,427,9,9,2719,7,84,0
cross_community,community_capped,4,627,50,613,689,15,674,1,1,2679,10,106,0
cross_community,total_endorsements,5,412,45,616,290,53,237,45,45,2592,2,71,0
cross_community,community_capped,5,575,48,540,604,64,540,43,43,2537,8,95,0
benign_cascade,total_endorsements,1,0,0,834,20,20,0,7,7,2695,0,0,0
benign_cascade,community_capped,1,0,0,851,33,33,0,3,3,2695,0,0,0
benign_cascade,total_endorsements,2,0,0,812,25,25,0,48,48,2620,0,0,0
benign_cascade,community_capped,2,0,0,823,44,44,0,31,31,2620,0,0,0
benign_cascade,total_endorsements,3,0,0,824,44,44,0,37,37,2695,0,0,0
benign_cascade,community_capped,3,0,0,839,51,51,0,36,36,2695,0,0,0
benign_cascade,total_endorsements,4,0,0,808,50,50,0,9,9,2755,0,0,0
benign_cascade,community_capped,4,0,0,842,15,15,0,37,37,2755,0,0,0
benign_cascade,total_endorsements,5,0,0,726,24,24,0,45,45,2519,0,0,0
benign_cascade,community_capped,5,0,0,730,20,20,0,43,43,2519,0,0,0
